video_id,author,comment,likeCount,sentiment,polarity
in19F5V7iW4,@bruhAliasghar1,This Ai video is a disrespect to railaâ€™s legacy,2,Neutral,0.0
in19F5V7iW4,@florencewanyoike605,I miss raila,4,Neutral,0.0
in19F5V7iW4,@Evelyn-px9zw,Jumping ya buda imenimaliza.youve made my night.Aol,60,Neutral,0.0
in19F5V7iW4,@teresamukiri-sg3gi,Walai KENYANS ğŸ‡°ğŸ‡ª this is too much yawa freedom of expression and speechğŸ”¥ğŸ˜‚ğŸ˜‚ğŸ˜‚ğŸ˜‚ğŸ˜‚,57,Positive,0.2
in19F5V7iW4,@EvansMusasia,"Cheki baba akiruka,,ğŸ˜‚ğŸ˜‚ğŸ˜‚
Mastyle deadly deadly",68,Negative,-0.2
in19F5V7iW4,@jumasamwel4782,Nani mwingine aliona hiyo smile kabla ya vitağŸ˜‚ğŸ˜‚ğŸ˜‚,11,Positive,0.3
in19F5V7iW4,@gabrielmweke7074,So Ruto always starts the fight ğŸ˜…,10,Neutral,0.0
in19F5V7iW4,@brilexmedia,"Mbona huyu Raila hapigani kuua,ni kama wanacheza tuğŸ˜‚ğŸ˜‚ğŸ˜‚ğŸ˜‚",16,Neutral,0.0
in19F5V7iW4,@timothymusembitimothytimot5780,Amazing one Kenyans,6,Positive,0.6000000000000001
in19F5V7iW4,@JasperOkelo-p4f,Baba BabağŸ‘ğŸ‘ğŸ‘ğŸ‘ come on baba,2,Neutral,0.0
in19F5V7iW4,@Benjamin-e3y5j,Baba anarusha teke na miguu zoteğŸ˜‚ğŸ˜‚,7,Neutral,0.0
in19F5V7iW4,@MOURINEMUTHUI,Hio Teke ya Baba sijawai Iona ata kwa movieğŸ˜‚ğŸ˜‚ğŸ˜‚,9,Neutral,0.0
in19F5V7iW4,@MaryMaina-w9n,Robert Downey kufa brother's,1,Neutral,0.0
in19F5V7iW4,@bugattiSpeed-b3b,ğŸ˜‚ğŸ˜‚ğŸ˜‚ğŸ˜‚these are the last kicks of 2 dying horses,0,Neutral,0.0
in19F5V7iW4,@edithombunga7293,Who won??,2,Neutral,0.0
in19F5V7iW4,@IanKiama-i9h,Was raila jumping necessary ğŸ˜…ğŸ˜‚ğŸ˜‚ğŸ˜‚,3,Neutral,0.0
in19F5V7iW4,@EmmahThomas-e2t,wa kenya we are fearless yani baba hajazikwa lakini mume sha mueka aki fight what namume sha weka president wenu kwa kaburi  wa kenya yawaa,1,Neutral,0.0
in19F5V7iW4,@BigMan-h2w,Kenya sihami hiyo tiktak ya rao nkimoda en dunganğŸ˜‚,2,Neutral,0.0
in19F5V7iW4,@haggarymasava7057,ğŸ˜‚ğŸ˜‚ğŸ˜‚ğŸ˜‚ğŸ˜‚ğŸ˜‚ğŸ˜‚haki niko Bondo Kwa matanga,1,Neutral,0.0
in19F5V7iW4,@galcwamalwa,"Kenyans jamani mumezidi....
If God had anything else He should rescue us from bad leadership",1,Negative,-0.6999999999999998
-OXD_p1d4tI,@helen-re2vi,"Baba Raila you have gone so soon. You were our defender, fighter for justice,  equality and peace. We have remained orphans. We don't know who is going to fight and defend us kenyans. Baba you were selfless. You were ready to die for us kenyans. We will really miss you Baba. May the good Lord grant you eternal life Baba as you continue praying for us. Amen.",1,Positive,0.3666666666666667
-OXD_p1d4tI,@DavidKiribwa,Is fine but there is no voÊ»ice or sound,0,Positive,0.4083333333333333
-OXD_p1d4tI,@ElizabethOkal,Very  Sad to hear,0,Negative,-0.65
-OXD_p1d4tI,@MwavitaLubisia,You have left a abig gap babaa,0,Neutral,0.0
-OXD_p1d4tI,@Brianmasika-yt9pb,Azikwe  na roho yake ilazwe pema peponi.,0,Neutral,0.0
ws9CaAY6oww,@bahatikenya,As we Celebrate his Life; Comment Your Favorite Raila Odinga Nickname Belowâ€¦ Mine was The ENIGMA & BABAA,3004,Positive,0.5
ws9CaAY6oww,@patiedasilver4710,"This song is so emotional,kama unaamini Bahati ametendea haki taifa letu la Kenya kwa kumuimbia Hon.Raila Odinga piga like tukisonga",534,Neutral,0.0
ws9CaAY6oww,@Diana_Marua,"WE LOVE YOU BABA ğŸ’”ğŸ’”ğŸ’”ğŸ’” REST IN PARADISE! SAFIRI SALAMA, MSALIMU MAULANAâ€¦ TUTAONANA BAADAE ğŸ’”ğŸ˜­ğŸ™ğŸ¼",1160,Positive,0.625
ws9CaAY6oww,@LillianWekesa,"Have listened to your songs but this one has touched me today,Nani mwingine weka like apo",376,Neutral,0.0
ws9CaAY6oww,@WilbrodayBitienyi-ve5vu,Aiih bahati wimbo imeenda sana mpaka Iko kwa citizen screen  our No. 1 song,83,Neutral,0.0
ws9CaAY6oww,@EmmaPius-s8j,Hii wimbo nayo imeniguza sanağŸ˜¢ğŸ˜¢ğŸ˜¢ mnipe ata likes mbili jamani ğŸ˜¢ğŸ˜¢rip jakom,1649,Neutral,0.0
ws9CaAY6oww,@erickomaisha-f3n5s,Kama unaamini hii ni pure talent bila wivu piga like,3782,Positive,0.21428571428571427
ws9CaAY6oww,@emilykathini4173,Now this is the bahati I knowâ¤. Reminds me of mtoto wa mama days. Good job! Pure talanta,10,Positive,0.5446428571428571
ws9CaAY6oww,@ALEXEVAH-LAXE,Tangu nianze shabakia BAHATI toka Congo d.r.c sijawahi kupata ata like 2,267,Neutral,0.0
ws9CaAY6oww,@AgozzeTharakaPhotographerMedia,"Bahati wa kwanza uyu Rip Baba hii itakumbukwa forever 2080,2090,3030 years na mbele zaidi kama unakubaliana na mimi sema Rip Raila Odinga ğŸ˜­",80,Neutral,0.0
ws9CaAY6oww,@EuniceMaina-eh5dn,"NOW THIS IS OUR REAL BAHATI......
R.I.P BABAA ğŸ’”",262,Positive,0.2
ws9CaAY6oww,@Warsay1tsegay,"I am from Eritrea ğŸ‡ªğŸ‡· when I see this heartbreak news 
I feel deeply saddened by the passing of Raila Amolo Odinga, one of Africaâ€™s greatest political leaders.
He was more than a politician â€” he was a symbol of courage, democracy, and resilience.
His lifelong struggle for justice, equality, and freedom inspired millions not only in Kenya but across Africa.

I always admired his strength, his voice for the people, and his vision for a better nation.
Kenya and the continent have lost a true statesman â€” a man who never gave up on the dream of unity and dignity for his people.

May his soul rest in peace. His spirit and legacy will live forever in the hearts of those who believe in democracy and freedom.

So Kenyan people Donâ€™t feel too sad,  Life is like this â€” people come, and people go.
What matters most is the legacy they leave behind.
Raila Odingaâ€™s name, his courage, and his vision will never die.
His story is already written in the history of Africa, and it will continue to inspire generations.
Letâ€™s honor his life, not only with tears, but with respect for everything he stood for.

Death ends a life, but not a History !!",38,Positive,0.1527972027972028
ws9CaAY6oww,@PashwaTV,Kama unahisi Baha ameunda the best song kwa Baba gonga like,2456,Positive,1.0
ws9CaAY6oww,@RubyMideva,Raila is gone bt now he has brought back the real bahati..,122,Neutral,0.1
ws9CaAY6oww,@fidelisrichardkim6413,This is so emotional ğŸ˜­ I'm leaving this comment today 16/10/2025 and if you are watching this in 2050 know RAILA WAS GREAT MAN,1195,Positive,0.4
ws9CaAY6oww,@saddamhussein-eq8gn,"I have watched this countless times, and everytime I watch it, I find myselfs soaked in tears and heavy heart. This song just puts it a reality that he's no more with us.",3,Negative,-0.15
ws9CaAY6oww,@i_mani06,BAHA THIS IS YOU!!!!the real you the bahati who brings emotions and the bahati who sings from heart i pray baba rests in eternal peace and i pray for you baha to come back to us!!!ğŸ˜¢this is so good especially hiyo part ya genzs damu hijalipwağŸ˜¢baba whyy??,160,Positive,0.22499999999999998
ws9CaAY6oww,@Njerimaasai-J,Kama unaona tumsamehe Bahati kwa SETI ju ya kutunga wimbo poa ya BABA weka tick.....RIP BABAğŸ•ŠğŸ•ŠğŸ•Š,268,Neutral,0.0
ws9CaAY6oww,@kenyanloverboy,"Bila chuki piga like kama hii Ngoma n kaliâ¤â¤
RIP babağŸ˜¢",681,Neutral,0.0
ws9CaAY6oww,@TBenjaminTv,"Watching from Uganda ğŸ‡ºğŸ‡¬....
Rip ğŸ˜­ğŸ˜­ğŸ˜­ğŸ˜­ğŸ˜­ğŸ˜­ğŸ˜­ Raila",1,Neutral,0.0
D3GOCb7U5Wk,@Outfits-l1l,Good work team leader,1,Positive,0.7
D3GOCb7U5Wk,@maureenipaa6666,Let the former president come back  again Ruto he doesnâ€™t have  any one challenge him 2027,0,Neutral,0.0
D3GOCb7U5Wk,@developingevents,ğŸ˜¢,0,Neutral,0.0
VrSC_SBgPf4,@JuniorGazakartel,Niki receive notification Ati mtu Amelike hii comment inabidi narudi tena kuangalia hii wimbo mzuri.R.i.p MzaeğŸ˜¢ğŸ˜¢ğŸ˜¢â¤,948,Neutral,0.0
VrSC_SBgPf4,@rianmovies,"Poleni sana wakenya, hugs from Uganda ğŸ‡ºğŸ‡¬ğŸ‡ºğŸ‡¬ğŸ‡ºğŸ‡¬ğŸ‡ºğŸ‡¬ğŸ‡ºğŸ‡¬ğŸ‡ºğŸ‡¬ğŸ‡ºğŸ‡¬ğŸ‡ºğŸ‡¬
We're together in this",370,Neutral,0.0
VrSC_SBgPf4,@Brian254-k5z,This is so emotional ğŸ˜­ I'm leaving this comment today 16/10/2025 if you're watching this in 2050 know RAILA ODINGA WAS A GREAT MAN,1300,Positive,0.4
VrSC_SBgPf4,@AndrewIyamu-u7n,"Iâ€™m a Nigerian,but Iâ€™ve played this song for more than 30 times now just sitting down here.What a fantastic and emotional tribute song.May Baba Odingaâ€™s soul rest in perfect peace.ğŸ™",115,Positive,0.3488888888888889
VrSC_SBgPf4,@dailylife5632,"im a kikuyu and my love for baba is endless, i love you tinga",333,Positive,0.2916666666666667
VrSC_SBgPf4,@nash_babeq,Am a kalenjin but the love I had for raila was endless . I will miss you legend â¤ I feel so so heartbroken,68,Positive,0.1875
VrSC_SBgPf4,@RodgersOtieno-y2f,Am a fan of raila from tanzania ...can i get a like,1568,Neutral,0.0
VrSC_SBgPf4,@johnmiere6190,"Raila was the heartbeat of not only the Luo nation but Kenya at large,bright, creative, compassionate, he  didnâ€™t just speak the language, of resilience, pure struggle,love but he understood the hearts of his people.

This tribute honours not just who he was to this nation but the part he  played in our journey to freedom and democratic space we so enjoy now

Long live the King ğŸ‘‘",3,Positive,0.20010822510822512
VrSC_SBgPf4,@MosesMwangi-qs1gp,Baba was A great leader not in luos but all of over the country in 254. Kama ulipenda Baba wapi likes zake,226,Positive,0.8
VrSC_SBgPf4,@judithamondi9322,To all our kids that's wil watch this in 2050 just know this man tinga ğŸ˜¢was  a hero in this country ğŸ˜¢â¤ rip tinga,707,Neutral,0.0
VrSC_SBgPf4,@charleskingi,"I'm a Kamba, studied in Jaramogi Oginga Odinga University,,,,, I get the luo language 98%
Rest in Peace Jakomâ¤",266,Neutral,0.0
VrSC_SBgPf4,@gaudenciamaghanga,"The number of tribute songs composed in honour of Baba, the large number of crowds in the streets crying tell it all. This man was loved bana. Truth be told, it will take many years maybe even never again to get a man who will move people and have such a great influence like Raila didğŸ’ª

Rest Well JakomğŸ¥º",12,Positive,0.3357142857142857
VrSC_SBgPf4,@mwenyemaplotike,Sielewi kijaluo but watched this on repeat ğŸ˜¢ğŸ˜¢ğŸ˜¢ğŸ˜¢ğŸ˜¢,13,Neutral,0.0
VrSC_SBgPf4,@ibrahimodhiambops,So imotional..true hero is no more..and this is what makes janabi tofauti ju sio Kila kitu tunadance ..tuko pamoja in this janabi,5,Neutral,0.0
VrSC_SBgPf4,@MercyNdinda-e9r,"Any day any time I receive a notification from here ,I'm coming back to cry ğŸ˜­ğŸ˜­ğŸ˜­ğŸ˜­ğŸ˜­ğŸ˜­ rest in peace baba ğŸ•Šï¸ğŸ˜­ğŸ˜­ğŸ˜­ğŸ˜­",12,Neutral,0.0
VrSC_SBgPf4,@MercyMuema-p7d,"Soo painful song for baba,,,,ata kama tunaombeleza wapi likes za prince indah kwa sauti mzuri,mpangilio wa maneno,,,,,,ğŸ˜¢",730,Negative,-0.7
VrSC_SBgPf4,@mosessimiyu6954,Those who don't hear what they are saying but they feel in there heart don't pass.ğŸ˜¢,137,Neutral,0.0
VrSC_SBgPf4,@muturigeoffrey4408,"I think this is the best artist in Kenya currently. In less than 24hrs, he has composed an emotional song for RAO. May his soul rest in peace. Prince Indah is a generational talent",51,Positive,0.2777777777777778
VrSC_SBgPf4,@OcharJerry,"Writing on 17 October 2025,if you come across this on 2060 know that Raila was a great man.",51,Positive,0.8
VrSC_SBgPf4,@eduardonba5463,"When a song is almost 4 minutes long but feels like 30 seconds, thatâ€™s when you know itâ€™s a masterpiece. RIP JakomğŸ•ŠğŸ•Š
           lit ndiiğŸ˜­ğŸ˜­",115,Neutral,-0.05
NuKtipDhXvU,@JudithAtieno-y8e,"The ENIGMA has rested,long live the Crown.We will forever miss you, you are etched forever in our hearts.Agwambo nind gi kwe and thank you for your sacrifices and contributions to the world.May you soul rest in peace Jowi!",1,Positive,0.17045454545454544
NuKtipDhXvU,@Nancysunday456,Baba is in heaven let Him rest Kenyans didnâ€™t see his importance ğŸ™ŒğŸ™ŒğŸ™ŒğŸ™ŒğŸ¤²ğŸ¤²,1,Neutral,0.0
NuKtipDhXvU,@tobiasbarasa4002,"You've fought the good fight. You've finished the race and kept the faith. We still expected more from you, but God loved you more than we did.#restwellbaba",1,Positive,0.45999999999999996
NuKtipDhXvU,@CELESTINEWAFULA-t6z,Go well Baba ğŸ˜¢ğŸ˜¢ğŸ˜¢ğŸ˜¢ you're the heroğŸ˜­ğŸ˜­ğŸ˜­ğŸ˜­ğŸ™ğŸ¾ğŸ™ğŸ¾ğŸ‘ğŸ¾ğŸ‘ğŸ¾ğŸ‘ğŸ¾ğŸ’”ğŸ’”ğŸ’”ğŸ’”,0,Neutral,0.0
NuKtipDhXvU,@victoriam8301,"BABA, this is so so sad. May God comfort all those that truly knew your value.",0,Negative,-0.5
NuKtipDhXvU,@EvellahEvesh,Long live the clan,2,Neutral,0.043181818181818175
NuKtipDhXvU,@EvellahEvesh,Museveni is in critical condition anataka kukufwata baba,1,Neutral,0.0
NuKtipDhXvU,@c.m4085,We shall miss Babaâ¤,0,Neutral,0.0
NuKtipDhXvU,@chanyihillary8096,Rest in eternal peace Raila Amolo Odinga..kenya will miss you,0,Neutral,0.0
NuKtipDhXvU,@EstherSanga-y2c,Rest in peace babağŸ˜¢ğŸ˜¢,1,Neutral,0.0
NuKtipDhXvU,@linetmenya3448,Can't control my tears RIP Baba,0,Neutral,0.0
NuKtipDhXvU,@AREEN.A29,Sauti y Baba ndo hiyo guysğŸ˜­ğŸ˜­ğŸ˜­ğŸ˜­ğŸ˜­ğŸ˜­,0,Neutral,0.0
NuKtipDhXvU,@MOSESKLAGAT,@13: 27hrs 15sec the soldier reminded the guy he was supposed to view baba's body,0,Neutral,0.0
NuKtipDhXvU,@AREEN.A29,Asante sana mama hips enough ğŸ˜‚ğŸ˜‚ğŸ˜‚ğŸ˜‚ğŸ˜‚ğŸ˜‚,0,Neutral,0.0
NuKtipDhXvU,@AREEN.A29,Huyu anaongea kama Baba jamaniğŸ˜­ğŸ˜­ğŸ˜­ğŸ˜­ğŸ˜­ğŸ˜­ğŸ˜­ğŸ˜­,0,Neutral,0.0
NuKtipDhXvU,@audreykate6764,Orengo for ODM party leader ğŸ‰ğŸ‰ğŸ‰ğŸ‰ğŸ‰,0,Neutral,0.0
NuKtipDhXvU,@livekutsmedia8139,Security Formation Top,0,Positive,0.5
NuKtipDhXvU,@zjuniorofficial2464,BABA RAILA ODINGA SHUJA WETU REST IN PEACE,0,Neutral,0.0
NuKtipDhXvU,@AgnetaSamba-k8q,ğŸ˜¢ğŸ˜¢ğŸ˜¢,2,Neutral,0.0
NuKtipDhXvU,@EvellahEvesh,ğŸ˜¢ğŸ˜¢ğŸ˜¢,1,Neutral,0.0
A439fS1O52w,@StanfordPaul-kw3cg,Asante sana Mwenyezi Mungu  kwa maisha ya Raila Amolo OdingağŸ˜¢  from Tanzania ğŸ‡¹ğŸ‡¿,225,Neutral,0.0
A439fS1O52w,@cmsanyama200,"I am mourning with you the people of Kenya,here in MALAWI for the great loss.The Odinga family was so blessed,I remember there used to be Oginga Odinga also a very popular politician.",89,Positive,0.79
A439fS1O52w,@collinssalasya,The bodyguard has it all...from.losing his colleague 6 months ago to now the boss....he is so weak....God be with him.,107,Neutral,0.0
A439fS1O52w,@dorcaskiliswa2359,"Coincidentally, his demise Aligns with Mashujaa day,for this reason, he will remain immortal in the Kenyan political space. Rest well baba",109,Neutral,0.0
A439fS1O52w,@capsuleeducation520,Rest in Peace â¤ deep condolences from India ğŸ‡®ğŸ‡³,63,Neutral,0.0
A439fS1O52w,@MrBonafide300,"Baba sasa ametulia, the man has been fighting all his life wacha sasa a relax.. he was the voice of the people of Kenya ğŸ‡°ğŸ‡ª a true Political ChampionğŸ†",204,Positive,0.175
A439fS1O52w,@nairobi_girl5808,"The People's president. âœŠğŸ¾. Thank you for teaching us courage and resilience. May your legacy live on. We live in the freedoms you paid a heavy price for. All with a gentle smile, humor & forgiveness. Rest in peace RAO, Tinga, Agwambo, The Right honorable Raila Amolo Odinga... Baba.",23,Positive,0.14307359307359307
A439fS1O52w,@SureshKumaran-pr6om,"From kerala india à´¬à´¾à´¬ à´†à´¦à´°à´¾à´œàµà´à´²à´¿à´•àµ¾, ğŸ’”",101,Neutral,0.0
A439fS1O52w,@winnymigot6247,This man meant so much to us,86,Positive,0.2
A439fS1O52w,@watototv8338,"The man that taught people that they have rights, and should fight for their rights. Rest well Baba.",18,Neutral,0.0
A439fS1O52w,@Movies-v6,His bodyguard felt it manh ğŸ˜¢take heart Maurice,18,Neutral,0.0
A439fS1O52w,@Nurse-Essie,"We're just sojourners here,in everything we do, we must put God first.",23,Positive,0.25
A439fS1O52w,@SalimAlly001,"That is a lesson that the world is not our home,but we all travellers.",153,Neutral,0.0
A439fS1O52w,@emilykamwali7600,What will the world say the day I die?can we all ask ourselves this question?coz one day we will all die?let's love each other good people,40,Positive,0.35833333333333334
A439fS1O52w,@mauriceowino3561,"Baba, may those who hate you learn one day that you meant good  for them, may your enduring legacy never fades from our hearts, may your spirit be a blessing today and forever....dance with the angels baba",27,Neutral,-0.050000000000000044
A439fS1O52w,@sandyobare3641,"His decisions may have been debated, but his grit, perseverance, resilience, stubbornness, and strategic mind have defined his legacy. Railaâ€™s journey is one of endurance and unwavering commitment to justice and democracy.",6,Neutral,0.0
A439fS1O52w,@Boldke,Another reminder that we are not here forever.,28,Neutral,0.0
A439fS1O52w,@samuelowino7668,ğŸ˜¢ Thank you president Ruto for treating one of our greatest Father with dignity we will not forget for many years,108,Positive,0.75
A439fS1O52w,@Ernie2022,"A legacy built on honesty never dies. Those who shall watch this in 2100, know that Baba was a true hero of Kenya who fought to see a prosperous Kenya for us all.",57,Positive,0.35
A439fS1O52w,@omarisiliverio8786,Even though I don't support Ruto but on this one Thank you for honoring our hero I'm happy.ğŸ˜¢ğŸ˜¢,44,Neutral,0.0
BuEhHwRyKXA,@AntonyMuchiri-g5i,"He never gave up ,i learn from him.RIP",31,Neutral,0.0
BuEhHwRyKXA,@wachiramoses9388,"A Hero has rested,Kwaheri ya kuonana Baba Raila Amolo Odinga",22,Neutral,0.0
BuEhHwRyKXA,@PerisWanjiru-z8n,No money can buy life only Jesus Christ can save  life rip,175,Neutral,0.0
BuEhHwRyKXA,@Davistoto1949,I respect bishop warunge alisema nusu mulingoti rip baba,29,Neutral,0.0
BuEhHwRyKXA,@zawadibrianmose7768,ğŸ˜¢ğŸ˜¢ğŸ˜¢kama plug imetangaza fainali.... I can believe now!!!!,41,Neutral,0.0
BuEhHwRyKXA,@HelenofTroy897,"A heart attack on Monday morning? Today is Wednesday. So Maverick Aoko's Intel about ""pulling plugs""  was on point. It's also weird that his long-term bodyguard died suddenly a couple of months ago after ""a short illness.""",19,Negative,-0.16666666666666666
BuEhHwRyKXA,@mwongerakiunga1124,"Rest in peace mzee, you have done your best to the nation",10,Positive,1.0
BuEhHwRyKXA,@michaelwekesa1686,Ooooh.... Kwani hakua ameendea shughuli za kibiashara tena???,19,Neutral,0.0
BuEhHwRyKXA,@Fatuma-y9j,HAKUNA ATAKAYE BAK KATIKA HII DUNIA ISIPOKUWA MFLAME MWENYEWE ALIYE IUMBA   ALLAH SUBHAN WATAALLAH MTOA ROHO PIA ATAKUFA MUNGU AKUSAMEHE DHAMBI ZAKO,5,Neutral,0.0
BuEhHwRyKXA,@ViceAdmiralVasilyArkhipov,"RIP Statesman, My advice to Babu Owino is that power is not given it's taken, take it",31,Neutral,0.0
BuEhHwRyKXA,@fridahboyani94,Rest in  peace  Baba you have  fought  a good  fight and you have  won the  race,5,Positive,0.7
BuEhHwRyKXA,@Purehearr191,"He fought for
Democracy RIP baba ğŸ˜¢",4,Neutral,0.0
BuEhHwRyKXA,@NipherMuchina-g4z,Rest in peace baba we will mis you â™¥ï¸â™¥ï¸â™¥ï¸,6,Neutral,0.0
BuEhHwRyKXA,@AminaMohamed-w7k,â¤Rip baba since my first if todate been votting for you we loved you but God loved more,19,Positive,0.5375
BuEhHwRyKXA,@SmilingFlamingo-ik5xx,"Soo sad ,may his soul rest in eternal peace, sisi wote ni wapita njia tu,,",6,Negative,-0.5
BuEhHwRyKXA,@g-rock1606,SHA was not working in India? Just asking for my friend Cs duale,16,Neutral,0.0
BuEhHwRyKXA,@DorineAkee-v8u,Rest in peace.Renovations za barabara that leads to his home in riat kisumu zilianza like a week ago.I think he died kitamboğŸ˜¢,8,Neutral,0.0
BuEhHwRyKXA,@temmytayo4264,"Luo are Finally Free...... Where will Ruto Hide ,",61,Positive,0.4
BuEhHwRyKXA,@AciraZial,This leadership is not a easy job is alot of pressure,8,Negative,-0.21666666666666667
BuEhHwRyKXA,@margaretnawitawasige3612,Sorry MHSRIP a very big loss we condole with our neighbors God comfort the family,4,Negative,-0.25
yF3cPVZgAeY,@rosemarywere6932,Nobody can give you the history of the world like Baba! Rest well Jakom,265,Neutral,0.0
yF3cPVZgAeY,@staceyachiengimo,"At his age he still was so powerful and fluent â¤
Nind gi kwee Jakom!",83,Positive,0.375
yF3cPVZgAeY,@naomibarini807,Rao is an intellect. No notes but the flow is at top notch,185,Positive,0.5
yF3cPVZgAeY,@philipnjoroge5053,"I like the way he explains it, think like a Kenyan first before thinking like whatever tribe you are from. Truly Raila was never tribal, people can be divided by ideology but they should not be divided by tribal lines. Truly Raila was a statesman and a true Patriot.",153,Positive,0.3
yF3cPVZgAeY,@newwineskin5494,"Baba osomo,what a smart,educated hero..ğŸ˜­ğŸ˜­ğŸ˜­ğŸ˜­",125,Neutral,0.0
yF3cPVZgAeY,@yderroh,its taking us alot of energy to accept that you are no more.....go well baba,63,Neutral,0.0
yF3cPVZgAeY,@ivylillace,Aki Raila am so sad ğŸ˜­ i wish you lived to 100 but God says in everything we should give thanks ğŸ™ Rest in peace,165,Negative,-0.15
yF3cPVZgAeY,@musyimimichael8698,"Raila is a real hero , don't know who will fill the gap he has left.  He was a fighter, a man of wisdom, no words can describe how great this man was Rest in peace Rao",50,Positive,0.3333333333333333
yF3cPVZgAeY,@berylakinyi3818,"I will never regret voting for you thrice baba.You ran a good race,fought a good fight.May you rest in the bossom of Christ in heaven.What a befitting send of ,my hero.Thank you president Ruto for honoring baba to his final resting place.Thank you Jesus for such a wonderful gift, The EnigmağŸ‰ğŸ‰",43,Positive,0.48
yF3cPVZgAeY,@kilosh0,This is a real vibe..na hakuwa na maringo.,42,Positive,0.2
yF3cPVZgAeY,@chekozuri4194,"No wonder the Man was Loved all over he was not just wise but very intelligent and Exposed, Rest in Peace Hero!!",144,Positive,0.7999999999999999
yF3cPVZgAeY,@BahatiMartinMwash,Am a Kikuyu But JAKOM Nilikupenda Sana RIP BABA ğŸ˜¢ğŸ˜¢,133,Neutral,0.0
yF3cPVZgAeY,@vivianninsiima5113,Am Ugandan but love Baba so much; I am mourning with all KenyansğŸ˜¢,19,Positive,0.35
yF3cPVZgAeY,@EmmvieMUSIC,This man was a true patriotic Rest easy my hero ğŸ’ªğŸ¿ğŸ’ªğŸ¿ğŸ’ªğŸ¿,94,Positive,0.39166666666666666
yF3cPVZgAeY,@MoreenKinoti-q1t,Yes Think as a Kenya first. Thankyou Rao... I will stand with it. I am a Kenyan and I'll think as a Kenyan first.,64,Positive,0.25
yF3cPVZgAeY,@daisyo.m3981,"Auf Wiedersehen, Baba. Es tut wirklich weh. Ich wusste nicht, dass du so flieÃŸend Deutsch sprichst. Die Kenianer werden dich sehr vermissen. MÃ¶ge Gott uns alle trÃ¶sten.",65,Neutral,0.0
yF3cPVZgAeY,@DesignsbyRos,Raila your demise has really hit me hard ğŸ˜¢ğŸ˜­ğŸ˜­ğŸ˜­ğŸ˜­. Theyâ€™ll never be anyone like you ğŸ˜¢.. you ll be missed akii,38,Neutral,-0.04583333333333334
yF3cPVZgAeY,@nyar_Oyugis,"When the Baboons and Monkeys heard that the man who used to chase them away from the maize field had died, they hysterically celebrated. 
The following year, there was no maize. 
That is when they painfully realized the dead man was the farmer! â€¦ We shall miss you Baba",278,Negative,-0.15
yF3cPVZgAeY,@arnoldrombe,The mental clarity and brief history of the  Man in one brief speech â¤. RIP.,16,Neutral,-0.03333333333333333
yF3cPVZgAeY,@sandybarry1664,"U shall neva depart frm our hearts! We wil cherish such moments n keep ur words, we will miss u dearly!!ğŸ˜¢ğŸ˜¢rest well BABA",56,Neutral,0.0
AVvSdd-keE0,@DeisyAwino-f3e,"Rest n peace agwambo,woud, Bondo,may, your soul rest n peace,ğŸ˜­ğŸ˜­ğŸ˜­ğŸ˜­we will miss you all baba",0,Neutral,0.0
AVvSdd-keE0,@husseinbakromar5865,Munaona wanainchi kama siasa ni mchezo mchafu cheki unyee na zakayo wanaongea kama hawana uhasama zaidi yao Kikuyu Kenya in kalenjine Kenya in luo left out R.I.P RAO umeingia dabo box,0,Neutral,0.0
0wAsoP1ZRhQ,@mercymiyara7001,Respect to the great family who willingly shared baba with us...,88,Positive,0.525
0wAsoP1ZRhQ,@zeddychepngeno1995,"ğŸ˜¢ğŸ˜¢ğŸ˜¢ reality is now hitting meğŸ˜¢ğŸ˜¢ğŸ˜¢ I didn't know I loved him this much, he sacrificed his life to fight for democracy of this country, he had Kenya as whole in his heart, may his soul rest in eternal peace",58,Positive,0.36666666666666664
0wAsoP1ZRhQ,@mbeguofficial6646,Poleni ndugu zetu Wakenya msiba wetu sote. From TZ.,7,Neutral,0.0
0wAsoP1ZRhQ,@EstherWandaki,Eeeishhhh this is indeed painful....ğŸ˜­ğŸ˜­,25,Neutral,0.0
0wAsoP1ZRhQ,@SarahShao-jw1up,"We as human being, we passing by, we have no permanent life in this world! In life GOD IS EVERYTHING! HE IS THE WINNER ALWAYS!! FEAR GOD IN YOUR LIFE!",21,Neutral,0.0
0wAsoP1ZRhQ,@lillianmoraa1304,Death is painful God grant the family warmth around them n strength,75,Negative,-0.7
0wAsoP1ZRhQ,@BrendaChepngeno-ks9rd,"You always kept trying omollo no matter how hard it was that helped me build confidence of never giving upğŸ˜¥,l loved you",6,Positive,0.20416666666666664
0wAsoP1ZRhQ,@aphlineoludo5167,May Almighty God grant peace to the family and entire nation,17,Neutral,0.0
0wAsoP1ZRhQ,@rosetulus5000,RIP RAO.May the Lord comfort  Mum Ida and the children.,59,Neutral,0.0
0wAsoP1ZRhQ,@MaryAwino-hp3tu,Mayooooo mayooooo mayooooo ğŸ˜­ğŸ˜­ğŸ˜­ğŸ˜­ğŸ˜­ğŸ˜­ğŸ˜­baba baba ğŸ˜¢you will be remembered for your patriotic efforts,6,Neutral,0.0
0wAsoP1ZRhQ,@fridaholoo,"We won't  see  our  hero  again?I feel  so badğŸ˜¢ğŸ˜¢may you rest peacefully our baba, we loved you  bt God loved  you more â¤ğŸ‰â¤",40,Positive,0.5375
0wAsoP1ZRhQ,@DouglasKasina,Respect to this historical Giant Man.shine on your way home baba,9,Neutral,0.0
0wAsoP1ZRhQ,@michelpendapenda264,Baba we Will miss you .from Mozambique,8,Neutral,0.0
0wAsoP1ZRhQ,@NancyNdirangu-n8t,"I feel for the family of Raila, may God grant you peace that surpasses all human understanding.   RIP Uncle Rao",9,Neutral,0.0
0wAsoP1ZRhQ,@phanicelikokhe,"Rest in peace Baba, may God grant the family and Kenyans at large strength during this difficult moment",9,Negative,-0.14285714285714285
0wAsoP1ZRhQ,@odukhulajohnstone4965,Condolences to a man with a long history of freedom,8,Neutral,-0.05
0wAsoP1ZRhQ,@TimothyStacks-b8n,Pole mama Ida and the entire  ondiga family  may GOD comfort you during this difficult time  praying ğŸ™  for you baba will be missed,7,Negative,-0.25
0wAsoP1ZRhQ,@FaithNafula-i2l,Good bye our leader until we meet againâ¤â¤â¤â¤â¤â¤â¤,9,Positive,0.7
0wAsoP1ZRhQ,@fofenlawrence4333,What citizen Tv is showing is pure chaos...this channel look so official and clear,8,Positive,0.15714285714285714
0wAsoP1ZRhQ,@roselynekemunto5491,Honestly I didn't know I loved him this much ğŸ˜¢ğŸ˜¢ğŸ˜¢ I can't hold my tears back watching this ğŸ˜­ğŸ˜­ Rest well Tinga,11,Positive,0.37499999999999994
yB2nAWEFip8,@Marykalekye-u1b,"Tumpeee likes zake vinny Good jobs,,,,,,,baba rest in peace ğŸ˜­",608,Positive,0.7
yB2nAWEFip8,@Thekambasfamily,If you believe wimbo ya Vinny towards Our Hon. Raila is the best weka like.,400,Positive,1.0
yB2nAWEFip8,@chirukinyash,Mimi nae siezi kosa ku like ya babağŸ˜­rest well BABAâ¤ï¸â¤ï¸â¤ï¸,178,Neutral,0.0
yB2nAWEFip8,@PeninaGacheri-w1t,Kama kifo ya raila imekuuma weka like manzee ğŸ˜¢ğŸ˜¢Rip babağŸ˜¢,65,Neutral,0.0
yB2nAWEFip8,@EverlyneJuma-v4v,"Hii nayo n 10 out of 10 ,rip babaa",114,Neutral,0.0
yB2nAWEFip8,@MeppiahMeidrien,"Hiii nayo ndio inabambağŸ”¥ğŸ”¥, .. blue nationğŸ’™ğŸ’™ siku zote..",73,Neutral,0.0
yB2nAWEFip8,@DennisMuthiani-s6v,Hii nayo ni Kali tupandishe Mzee jembitile afike uko juu âœ…ğŸ”¥ğŸ”¥ğŸ’™ğŸ’™,57,Neutral,0.0
yB2nAWEFip8,@jacintandeke8939,Tumfikishe 1M views jamani amefanya kazi safi,14,Neutral,0.0
yB2nAWEFip8,@SandraGwaro-i6y,Whoever will watch this at 2050 just know we had a great political leader who fought for us Baba RailağŸ˜¢,207,Positive,0.4
yB2nAWEFip8,@annitadave,Kali flava famâ¤â¤â¤â¤â¤,47,Neutral,0.0
yB2nAWEFip8,@mercyjepchumba364,"Such a great and best song have heard so far,such a great talent ,all the best to your daily endeavours and RIP to Baba",4,Positive,0.6
yB2nAWEFip8,@bristee702,"Vinny flavor and Mr seed songs are the best, they are really comforting",4,Positive,0.6
yB2nAWEFip8,@charllyofficial,Vinny kazi fity likes zikam.... Wajaka wote ğŸ˜­ğŸ˜­let's gather here,352,Neutral,0.0
yB2nAWEFip8,@dorismukami8965,NiÃ§e saii najua embarabamba ako studio piağŸ˜Š piga like za vinnyğŸŒŸ,54,Neutral,0.0
yB2nAWEFip8,@milliechums4559,From Baha to Vinny ğŸ’™..rest in peace Raila ğŸ˜¢ğŸ˜¢father of the nation,67,Neutral,0.0
yB2nAWEFip8,@KENYANTRENDS_TV,Vinny anakuanga underrated sana...Tumfikishe 1 million views wakuuğŸ’¯,2,Neutral,0.0
yB2nAWEFip8,@Pitchpulse_360,Hii song nayo imegraduateğŸ”¥ğŸ”¥ğŸ”¥salute to you mzee VinnyğŸ«¡ğŸ«¡ğŸ«¡,23,Neutral,0.0
yB2nAWEFip8,@judyonyiego8284,Good job Vinny...this is so quick a really musicianâ¤â¤â¤â¤ğŸ‰ğŸ‰ğŸ‰ğŸ‰,9,Positive,0.41111111111111104
yB2nAWEFip8,@ppatop,The way  new vibes are being released fast shows how Agwambo touches each & every  artist.,3,Positive,0.16818181818181818
yB2nAWEFip8,@PaulOtanga-w5x,Vinnie you nailed it â¤ğŸ”¥ğŸ”¥ğŸ”¥ğŸ”¥,2,Neutral,0.0
Tl7uI3svz_s,@JacksonMaphie-j9v,"I am a Tanzanian who has lived in Kenya for over a decade. I personally witnessed Raila as an impartial leader who loved his country, a patriot, He had true love and affection for all the youth of Kenya regardless of ethnicity or religion. I will always remember him and his statement of VIJANA TIBIM!! VIJANA RIAAğŸ˜¢ğŸ˜¢",4,Positive,0.45781249999999996
Tl7uI3svz_s,@shamillahnamakula9439,"Rip Raila Odinga ğŸ˜¢ğŸ˜¢ğŸ˜¢may Allah strengthen the family and  Kenya as well, am from Uganda ğŸ‡ºğŸ‡¬ğŸ‡ºğŸ‡¬ğŸ‡ºğŸ‡¬",70,Neutral,0.0
Tl7uI3svz_s,@King_Joe-r5e,We Tanzanian ğŸ‡¹ğŸ‡¿  are with you our fellow brothers Kenyan..we have lost a great friend of John Pombe Magufuli..and actually this death makes us weeps with you as we also remember Jpm,14,Positive,0.4
Tl7uI3svz_s,@bruhhhmemes,We are able to communicate freely right now because Raila and other freedom fighters fought so we could enjoy. We should not take that for granted! RIP JakomğŸ˜¢ğŸ˜¢ğŸ˜¢,30,Positive,0.2901785714285714
Tl7uI3svz_s,@michaelplacca5649,"From Ghana, we mourn and sympathize with the people of Kenya. May the greeat Raila Odinga RIP.",8,Neutral,0.0
Tl7uI3svz_s,@oscarwanyama1661,Everything at stand still meaning he was a great hero,22,Positive,0.8
Tl7uI3svz_s,@maureenipaa6666,Rest in peace baba never forget you youâ€™re powerful man. I am crying right now. Iâ€™ve not believe you have gone,19,Positive,0.12857142857142856
Tl7uI3svz_s,@muhammedhaji007,"I am from Kerala , India ,where he died,  he was a good man and patriot ,one of my friend who is a nurse in that hosptal he previously visited, he said to her that he had a dream of developed Keniya, and if he became president again he will develop keniyan health sectors and all Keniyans one day get free and affordable quality treatment like here in Kerala , india",19,Positive,0.2583333333333333
Tl7uI3svz_s,@Doyoubeyouanyday,Leaving as a passenger and coming back as cargo is HARD! ğŸ˜¢ğŸ˜¢ğŸ˜¢,66,Negative,-0.18229166666666669
Tl7uI3svz_s,@OliverJoy-ew8tx,May God for him on what wrong and give him a rest Rip Baba sending condolences from Uganda ğŸ‡ºğŸ‡¬ğŸ‡ºğŸ‡¬ğŸ‡ºğŸ‡¬ğŸ‡ºğŸ‡¬ğŸ˜­ğŸ˜­ğŸ˜­ğŸ’”ğŸ’”,2,Negative,-0.5
Tl7uI3svz_s,@mwangijoechannel,Kenya will neva be the same without baba he is a great man despite anything else we've  lost a great man as a country ğŸ‡°ğŸ‡ªğŸ’”,3,Positive,0.5333333333333333
Tl7uI3svz_s,@comfortsadieq,Sorry to the entire family and country watching from SA,3,Negative,-0.25
Tl7uI3svz_s,@JacklineMartina-b3i,Yes i may not have known him much . But may his soul rest in l peace ğŸ‡ºğŸ‡¬ğŸ’”ğŸ’˜,2,Positive,0.2
Tl7uI3svz_s,@evelynemurambi5568,"Yani baba as CargoğŸ˜¢ğŸ˜¢ğŸ˜¢. Our Healthcare stystem must be checked out. Hard to believe. Sad. RIP baba.
Duale aache tantrums.. Fix SHA SHIF... Clearly mkenya wa kawaida will die unattended... Sad. Baba RIP",23,Negative,-0.2979166666666667
Tl7uI3svz_s,@mwariwamurimi8937,"This is so painful, it's like a bad dream, it's hard to believe that Baba came back in a casket. 
Dear God we as Kenyans we were not prepared for this. 
Please heal our Nation, our hearts are heavily bleeding.",3,Negative,-0.3783333333333333
Tl7uI3svz_s,@pointatobagroltd,"Watching from Nigeria. RIP Odinga and condolences to the great people of Kenya. It would have been nice to have useful information about him in the broadcast. Age, roles and status in politics and public life, cause of death, etc.",1,Positive,0.425
Tl7uI3svz_s,@RobertMureithi-mg6lp,"Watching from Atlanta Georgia,long live tinga",5,Positive,0.13636363636363635
Tl7uI3svz_s,@DakaHenry-x5g,Live in Uganda RIP Odinga,17,Positive,0.13636363636363635
Tl7uI3svz_s,@rayonegi1445,Even Kibaki and Moi didn't cause this much of a stir.Hate the guy or love him but you can't ignore him.ğŸ˜‚.I want to grow to become like him.,5,Positive,0.35
Tl7uI3svz_s,@marymama2323,"It's very sad, that Baba is gone.
We are with you our Kenyan  neighbours.
We are crying with you here in Malabar Uganda.",1,Negative,-0.42500000000000004
g5tcNrfUXE4,@ladyh7238,He got excellent medical care. They tried. The code to save his life was was conducted well. Its was was his time. Condolences to the family,45,Positive,0.5
g5tcNrfUXE4,@AsDf-x9p,Ndo Genz wamekasirika wanataka kujenga hospital zenye vifaa  vyote vya kutibu wagonjwa  huku kenya.wantam Ako kujenga makanisağŸ˜¢ğŸ˜¢,127,Neutral,0.0
g5tcNrfUXE4,@josephinemuringo2453,"The lonely limping along a ghost path is awful. Strong willed soul, RIP.",26,Negative,-0.22222222222222224
g5tcNrfUXE4,@kathleenbila5778,"He was a true hero! Wore so many hats and carried too much on his shoulders. The stress of fighting for Kenyans and Africa at large plus all the health issues he had to contend with.
Rest in peace BabağŸ˜­ğŸ˜­ğŸ˜­
We shall miss you big time ENIGMA!.
Kenya has lost a true giant...may God console his family, friends and the people of Kenya, Africa and the whole world!",8,Positive,0.2788265306122449
g5tcNrfUXE4,@sinarikakka,They really tried. He was so strong battling all that and also kenyan issues. He is a heroğŸ’¯,119,Positive,0.31666666666666665
g5tcNrfUXE4,@danzawadiofficial2549,"This looks just like a normal hospital....we should work on our health systems, some things are just manageable here at home.
RIP Jakom.",62,Positive,0.15
g5tcNrfUXE4,@francisgithae2754,Thanks to the doctors they really tried their best,21,Positive,0.4666666666666666
g5tcNrfUXE4,@michaelmuriithi6808,Why were these Kenyan Politicians lying.. Raila was actually a very sick man who ought to have  been resting in retirement.. The worst thing is that these old guards don't know how to mentor young leaders and moreso don't know how to exit the stage.. RIP RAO.,48,Negative,-0.4321428571428571
g5tcNrfUXE4,@wambuialice957,Woiye it is painful to watch him walk,46,Negative,-0.7
g5tcNrfUXE4,@VivianBolo,"May Baba's Saul rest in eternal peace,,,even though it's very painful,,,and not very easy to believe ğŸ˜­ğŸ˜­ğŸ˜­ğŸ˜­ğŸ˜­ğŸ˜­ğŸ˜­ğŸ˜­ rest in peace our hero ğŸ’ª",23,Neutral,0.016666666666666677
g5tcNrfUXE4,@munirkh,As a Somali I have a full respect âœŠ to Odinga. He served his entire life as an advocate for freedom and democracy. You Kenyans must know that he was a pioneer in opposition politics and a history maker for Africa. Condolences to his family and to the people of The Republic of Kenya âœŠ ğŸ˜¢,1,Positive,0.175
g5tcNrfUXE4,@selvineochieng6931,"That was not his last walk, but among his last moments....",29,Neutral,0.0
g5tcNrfUXE4,@Miriam-Smith,"Probably, the clot on his leg dislodged, causing pulmonary embolism. Either way, his whole body was failing. RIP sir ğŸ™ğŸ½",23,Positive,0.2
g5tcNrfUXE4,@AbdiGuyo-e2y,We will always miss you baba lala salama ğŸ˜¢,5,Neutral,0.0
g5tcNrfUXE4,@starexperince,Wow kenyans can never be left TBehind the found even the doctorğŸ‘ğŸ‘For helping us understand what happend,1,Neutral,0.05
g5tcNrfUXE4,@unclewamaformsTV,"âœŠğŸ¾ True love for Kenya is not about winning elections â€” itâ€™s about building the nation.
ğŸ‡°ğŸ‡ª Together, we rise. Together, we build. Together, we win.â¤ï¸âœ…ï¸",9,Positive,0.45
g5tcNrfUXE4,@josenyamaih3269,"May his soul rest in peace ğŸ•Šï¸ğŸ•Šï¸ğŸ•Šï¸ğŸ•Šï¸ Kenyans will miss you, you are hero and your name will remain in our memories",6,Neutral,0.0
g5tcNrfUXE4,@jemimarapando475,"Our kenyan legend, baba , leader ğŸ’”ğŸ˜­ğŸ˜­ğŸ˜­ğŸ˜­ğŸ‡°ğŸ‡ª",3,Neutral,0.0
g5tcNrfUXE4,@PatrickOmwenga-f3t,Rip baba RailağŸ˜­ğŸ˜­ğŸ˜­ğŸ˜­ğŸ˜­ğŸ˜­ğŸ˜­ğŸ˜­ğŸ˜­ğŸ˜­ğŸ˜­ğŸ˜­ğŸ˜­ğŸ˜­ğŸ˜­,6,Neutral,0.0
g5tcNrfUXE4,@Victoria-f5i7m,safiri salama our heroğŸ˜­ğŸ˜­ğŸ˜­ğŸ˜­ğŸ˜­,5,Neutral,0.0
CQI6umNVn1Y,@Deokicks,"Raila was a pillar and beacon of courage,wisdom, and resilience.we shall surely miss him.May his soul rest in everlasting peace...From Uganda",37,Positive,0.5
CQI6umNVn1Y,@bellakibali,"Indeed you are a product of Raila,, as brave as our real Baba",20,Positive,0.5
CQI6umNVn1Y,@josephinegagai,"Keep going Winnie,I can see something hidden in you,pole sana",35,Negative,-0.16666666666666666
CQI6umNVn1Y,@yihzew3866,"A brave woman, a special daughter. What a powerful eulogy! RIP, Mr. Odinga. An admirer from Ethiopia.",43,Positive,0.5107142857142858
CQI6umNVn1Y,@Janet-nd9cr,Winnie you have the spirit of your father. Stay strong,53,Positive,0.43333333333333335
CQI6umNVn1Y,@rodgernesh20,"Wow 
We love you Winnie from mount Kenya",18,Positive,0.3
CQI6umNVn1Y,@phoebetaylor8089,"Winnie I pray one day you become a president , you are brave and strong woman.",36,Positive,0.6166666666666667
CQI6umNVn1Y,@paulnjoro667,"Younger daughter, Winnie has a strong personality like her Dad, I can see her becoming a future Icon in whatever she decides to do.",37,Positive,0.22083333333333333
CQI6umNVn1Y,@AshaAbdallah-wi7og,Winnie  keep it  up   en  pole  sana  really  we  will  miss  baba,42,Positive,0.2
CQI6umNVn1Y,@akoodi66,"Did someone visualize the first woman president with the character and likes of RAO??ğŸ‘ŠğŸ¾ğŸ‘ŠğŸ¾ğŸ™ŒğŸ¾ğŸ™ŒğŸ¾ Winnie, Raila paved way for you!!!ğŸ‘ğŸ¾ğŸ‘ğŸ¾",18,Positive,0.25
CQI6umNVn1Y,@zipporahbernard3627,"Somebody tell Winnie she has a voice of a leader, commanding voice like that of Uhuru.Her Future is promising â¤ï¸",6,Neutral,0.1
CQI6umNVn1Y,@Waridi-r7j,"I love and admire you so much Winnie Raila.....
The spirit of baba runs in your veins.
Keep that fire burning dear ğŸ”¥ğŸ”¥",14,Positive,0.35
CQI6umNVn1Y,@christineoremo179,She is like daddy,58,Neutral,0.0
CQI6umNVn1Y,@DannwellZimbwedza,â¤â¤â¤â¤ powerful sms from his brother Oburu Odinga love from Zimbabwe,6,Positive,0.4
CQI6umNVn1Y,@evelynebwire7684,"Waoooooo winnie you're so strongest lady, keep it up love. Very smart",4,Positive,0.3892857142857143
CQI6umNVn1Y,@jamesogollah8573,Winning you make me so proud even to sing Baba' favourite song with such a brave heart. God continues to give you grace. Its not easy. Long live the crown .,12,Positive,0.2813852813852814
CQI6umNVn1Y,@PatriciaMasila-q6n,"Winnie hugs ğŸ«‚ğŸ«‚ congratulations ğŸ‘ for the speech,,,,RIP BABA",13,Neutral,0.0
CQI6umNVn1Y,@rozzana3048,Daddy's gal brave like the Dad,7,Positive,0.8
CQI6umNVn1Y,@faithjulius2506,Younger girl you have the Spirit of your father  keep it up,78,Neutral,0.0
CQI6umNVn1Y,@Mishhope-j3n,Wow Winnie you're so strongest lady in this world â¤â¤â¤â¤â¤ Baba Rip tulikupenda sana,1,Neutral,0.1
uarWMfrnW0A,@NuruMfaume,"From Tanzania ,poleni sana majirani zetu! Tulimpenda sana Raila!",156,Neutral,0.0
uarWMfrnW0A,@apatsa_basiteni,Such an iconic man been hearing his name since childhood - much love from MalawiğŸ‡²ğŸ‡¼,292,Positive,0.3333333333333333
uarWMfrnW0A,@shsakala5656,We mourn with Kenya. Much love from Zambia..,204,Positive,0.5
uarWMfrnW0A,@emmanuelkingama7971,"From Zambia ğŸ‡¿ğŸ‡² rest in peace Raila
Sending love to you brother and sisters in kenya in this sorrowful timeğŸ‡¿ğŸ‡²ğŸ‡¿ğŸ‡²ğŸ‡¿ğŸ‡²ğŸ‡¿ğŸ‡²",141,Positive,0.5
uarWMfrnW0A,@Heyyu-b7v5x,From Norway ğŸ‡§ğŸ‡»ğŸ‡§ğŸ‡»ğŸ‡§ğŸ‡» my condolences,39,Neutral,0.0
uarWMfrnW0A,@MuhammadWasim-he2bt,"Honestly, I am in big pain and sorrow since I heard this sad news.  I am a Nigerian. From my secondary school days, I have been hearing of this wonderful man called Raila Odinga. I am heartbroken ğŸ’”ğŸ’”ğŸ˜­ğŸ˜­ğŸ˜­. Death...why?  Africans need more people like Raila Odinga. The poor, the less privileged in the society, the orphans, the motherless,  the marginalized, those who have nobody to speak on their behalf need people like Raila Odinga. What can I say again.... Baba Raila Odinga your good records will forever speak for you, rest in peace. ğŸ™ğŸ™",79,Positive,0.10416666666666666
uarWMfrnW0A,@rugurudarius,From rwanda ğŸ‡·ğŸ‡¼  baba rest in peace ğŸ˜¢,192,Neutral,0.0
uarWMfrnW0A,@FelixMulwa-j9p,"From Uganda poleni sana Wakenya  , you're our good neighbours.",13,Positive,0.7
uarWMfrnW0A,@loisemwangi4278,It hurts ğŸ˜¢. This man shaped Kenya. May God rest his soul in eternal peace,127,Neutral,0.0
uarWMfrnW0A,@NabukeeraHafiswa-l5o,ğŸ˜­ğŸ˜­ğŸ˜­dear Kenyans  sorry  for the  loss  of our great  leader   am a ugandan  but ğŸ˜­ğŸ˜­ğŸ˜­ğŸ˜­ğŸ˜­ğŸ˜­,123,Positive,0.15000000000000002
uarWMfrnW0A,@christinamsonge6403,"From DR Congo, may the soul of Baba Raila Amolo Odinga rest in Power. Poleni sana Wakenya wote.",53,Neutral,0.0
uarWMfrnW0A,@fahadndoboliluzige822,"Rest In Power Baba, the freedom figter, From Uganda",61,Neutral,0.0
uarWMfrnW0A,@martinodi743,"despite everything, i mourn this man. he lived a life i can pray God to give me",36,Neutral,0.0
uarWMfrnW0A,@Somaliman1209,Father's of kenyan democracy pass way today and condolences to his family and Kenyans... From Ethiopia,108,Neutral,0.0
uarWMfrnW0A,@theafricanphilosopherqueen3032,"I had the privilege of meeting this great man ,who encouraged me to pursue my political ambitions and even graciously received my book on critical and creative thinking, RIP legendâ¤",65,Positive,0.325
uarWMfrnW0A,@Gabrielmasaku,You said it right' he was a giant of democracy & a tireless warrior of good governance'ğŸ’¯. Let our indomitable hero rest in eternal peaceğŸ’”,15,Positive,0.2464285714285714
uarWMfrnW0A,@muno.chamboko7513,Death is part of life same as birth does. REST IN PEACE  Mr Raila...ğŸ˜¢from Zimbabwe,6,Neutral,0.0
uarWMfrnW0A,@HFg-xk4rp,"Rest in peace Baba Raila Odinga,we love you but God loved you much.",40,Positive,0.4666666666666666
uarWMfrnW0A,@mariajackline474,"From American,a Kenya who have heard of Raila since my childhood ğŸ˜¢ğŸ˜¢ğŸ˜¢ğŸ˜¢",16,Neutral,0.0
uarWMfrnW0A,@juliawakio2075,"The part The remains pains and cuts deeper in reflection of how abruptly the candle of life goes off ğŸ˜­ğŸ˜­.
Indeed to Him is our return.
R.I.P Mzee.",37,Negative,-0.125
7xbzyDk9aO0,@nyamburagatuhi9017,Rest baba you did your work and did it well,101,Neutral,0.0
7xbzyDk9aO0,@Aroundtheworld-md7ir,Genz had recognized Babas contributions and greatness in 2024 lakini akaenda akachoma. But no one is perfect. RIP hero,42,Positive,1.0
7xbzyDk9aO0,@atupelemwasambili4476,Poleni sana majirani zetu Kenya.Pumzika kwa amani mzee wetu Raila Amolo Odinga,29,Neutral,0.0
7xbzyDk9aO0,@IsaackWanyoike-k8q,Go well Baba....voted for you in 2013 n 2022.... despite being from a different region .....Rest well Champ,15,Neutral,0.0
7xbzyDk9aO0,@brunolee224,He is the strongest Kenyan politician to have ever lived . His legacy will be remembered for generations.,86,Neutral,0.0
7xbzyDk9aO0,@felixruhumuriza4002,"Pole Sana Kwa wakenya wote Kwa ujumula pia East Africa community. 
Kumupoteza Honorable Raila Odinga..",80,Neutral,0.0
7xbzyDk9aO0,@sharonobongo,May Ruto know that he will follow .....no one is permanent in these life....,14,Neutral,0.0
7xbzyDk9aO0,@atieno_noella,"He lived his life well,fought for our democracy.. May he rest in peace",72,Neutral,0.0
7xbzyDk9aO0,,The Iroko tree has fallen. Raila Amolo Odinga Agwambo Tinga Jakom baba has rested. The epitome of leadership statesmanship and democracy. This is painful. Rest in power Baba.,95,Negative,-0.7
7xbzyDk9aO0,@claremusungu3358,"A great man, one of the greatt fathers of the nation of Kenya. We will always celebrate him. He has lived a full, purposeful life and impacted nations beyond Kenya. His legacy lives on. His candle burns forever.
Thank you, Baba. Rest well.",10,Positive,0.575
7xbzyDk9aO0,@drhefenmedia,"Rest in power, Baba Raila Odinga. Rest well. You fought for us ,a good fight ğŸ˜¢ğŸ˜¢ğŸ˜¢ğŸ˜¢",13,Positive,0.7
7xbzyDk9aO0,@tedsonKabiru,"Sad morning 
Sad news 
Go well Baba
Rest in peace",17,Negative,-0.5
7xbzyDk9aO0,@BonnieNgugi,His consistency in fighting for democracy is his legacy. May he rest well.,76,Neutral,0.0
7xbzyDk9aO0,@janesherry7053,"Rest in peace baba, peace be upon your family and our country kenya in largeğŸ˜¢ğŸ˜¢you will be remembered kwa mambo mingi",8,Neutral,0.0
7xbzyDk9aO0,@marykomu4356,"Ohh my God...
My heart is broken but also challenged..
May his legacy live in our hearts",17,Negative,-0.13181818181818183
7xbzyDk9aO0,@alfred3707,Pole sana.... Heart breaking ğŸ˜¢ğŸ˜¢ğŸ˜¢,22,Neutral,0.0
7xbzyDk9aO0,@fredlenox1992,"Sad day for the country and the world at large ğŸ˜¢
Rest in peace Enigma ğŸ˜¢",9,Negative,-0.14285714285714285
7xbzyDk9aO0,@AzizaJuma-p7x,Wakenya baadhi muache unafiki raila amesaliti wakenya tuwe wakweli alikuwa mpigania haki lkn mwishowe amekuwa kama yuda,32,Neutral,0.0
7xbzyDk9aO0,@victorwekesa6001,Man! This year and decade! Damn!,7,Neutral,0.0
7xbzyDk9aO0,@winniechero6875,May God grant him eternal rest.,8,Neutral,0.0
PII_sB0DPX8,@WHYLIKISTERNABWIRE,Kama huu wimbo umekuliza ğŸ˜¢gonga like rest in peace babağŸ˜­ğŸ˜­ğŸ˜­,266,Neutral,0.0
PII_sB0DPX8,@DMaintain,"*Mungu, naomba umlinde mtu anayesoma haya awe hai, salama, mwenye afya njema na abarikiwe kifedha. Amina. ğŸ™ğŸ¾ğŸ¤*",271,Neutral,0.0
PII_sB0DPX8,@HamissiChembe,Kama unaamini hii ngoma imetuunganisha kama GEN Z piga like ğŸ˜¢ğŸ˜¢,100,Neutral,0.0
PII_sB0DPX8,@Cyndyshaniez3242,This is so thoughtful of you broğŸ˜¢Thanks for the tribute song for our fallen heroeğŸ˜¢ğŸ˜¢Rest in peace BabağŸ˜­ğŸ•Šwenye wanaamini hi ni kali like apo,268,Positive,0.4
PII_sB0DPX8,@paulineesther9757,Kumbe hyu ndo ametangulia Bahati....Thanks for the song  He deserves this...nenda salama Raila...,28,Neutral,0.0
PII_sB0DPX8,@JflyEndy,Baba rest in peace tunajuwa umekuwa uki zuuia viongozi wabaya kutuongoza vibaya but now we don't know tuko kwa giza tujuwi vle Kenya itakuwa from now Asante sana Kwa kuwa na wewe kwa maisha ya hapa duniani more respect rest easy daddy â¤â¤â¤,4,Positive,0.4666666666666667
PII_sB0DPX8,@billionreasons1213,"To those watching this in 2090 Raila was an Icon of our time,an inspiration to many generations",38,Positive,0.5
PII_sB0DPX8,@DouglasIngati,Woooooo what a wonderful song. Thank you my brother . Mungu akupe ujajiri na akulinde. Rest in peace baba raila,14,Positive,1.0
PII_sB0DPX8,@officialdekabwoy,"Bare me witness,hii ni hit song kakağŸ‰ğŸ‰,,though ni ya kuhuzunisha,,nimependa bidii yako kaka SanyağŸ˜¢ğŸ˜¢ğŸ˜¢",101,Neutral,0.05
PII_sB0DPX8,@ScoviaJuma-rz2qo,Lala salama babağŸ˜¢ğŸ˜¢ila uliacha wakenya tukiwa yatima tunahuzunika sana,32,Neutral,0.0
PII_sB0DPX8,@fikiricosmas5932,Waaah it's so painful ahk kama umehuzunika pia wewe eka like apa,231,Negative,-0.7
PII_sB0DPX8,@albino254,Watanzania hawawezi amini kuna mkenya aneza toa hit ya kuomboleza,132,Neutral,0.0
PII_sB0DPX8,@boyyoshida3,Wa kuanzağŸ˜Š,55,Neutral,0.0
PII_sB0DPX8,@SheizPrince,Nami naomba support nimetoa Ngoma Kwa ajili ya baba,22,Neutral,0.0
PII_sB0DPX8,@octomanekemoda2607,Aki hii ngmma imeniguza sana kuliko hzo zote wasanii wakenya wamefanya nlikwaminia tangu nkujue siku ya kwanz kuwa ww n super star octo from kisii tunakutambua sana ww n kijana wetu â¤,2,Positive,0.3333333333333333
PII_sB0DPX8,@AbigaelCherono-p7f,ğŸ˜¢ğŸ˜¢ğŸ˜¢big up brooğŸ‰this tribute has gone the group of schools,1,Neutral,0.0
PII_sB0DPX8,@jumixwawa,Hii lazima itwale 1million viewsğŸ˜®RIP BabağŸ˜­ğŸ˜­ğŸ˜­ğŸ˜­ğŸ˜­,62,Neutral,0.0
PII_sB0DPX8,@priscillakhalayi5688,"May your breakthrough come through this song son . For sure as a country we have lost , hard to hold the tears ğŸ˜¢",1,Positive,0.10416666666666666
PII_sB0DPX8,@WamukoshBlessed,"WAMUKOSH BLESSED MUSIC was here ğŸ‰
Inaumaa",20,Neutral,0.0
PII_sB0DPX8,@CosmasCosmas-o2x,ğŸ‡¹ğŸ‡¿ğŸ‡¹ğŸ‡¿ğŸ‡¹ğŸ‡¿ğŸ˜­ğŸ˜­ ameniumiza sana sikutwmegemea chozi lingenitok kwa buda raila odinga amoloğŸ‡¹ğŸ‡¿ğŸ˜­ğŸ˜­ from Dodoma city,1,Neutral,0.0
EbLGSsAZz70,@obiladaniel732,"May the Lord rest his soul in eternal peace, from Uganda",38,Neutral,0.0
EbLGSsAZz70,@ykn7578,"Ohhh Sifuna I feel your pain man! Pole.
True friend",23,Positive,0.35
EbLGSsAZz70,@OfficialAbu,No politician will ever leave a Legacy like this...BABA we will miss youğŸ˜­ğŸ˜­ğŸ˜­..Rest in Eternal Peace our Freedom fighter,83,Neutral,0.0
EbLGSsAZz70,@CarolineGachuhi-k9x,"It's very emotional ğŸ˜­,if you're watching this video in 2050 just know that Hon Raila (BABA) was a great man,,a man who really fought for the Kenya you see today,though he died before accomplishing his mission to change and save our beloved country KENYA,continue resting in peace BABA, You were father to many ğŸ˜¢.",8,Positive,0.44000000000000006
EbLGSsAZz70,@raymond150,Who is here for babaâ¤ rest in peace ğŸ•Šï¸ğŸ™ğŸ¿ Agwambo baba tinga,4,Neutral,0.0
EbLGSsAZz70,@elipidtesha5466,"Rest in peace Baba  you  have fullfilled your duties diligently
My sincere con d olence to the people of kenya and his family
May God rest you in  the heaven amen
Love from ğŸ‡¹ğŸ‡¿ Tanzania",5,Positive,0.5
EbLGSsAZz70,@fatmahmohamed5321,Mungu akurehemu na aliwaze familia yako na wakenya kwa kipigo hii nzitoğŸ˜¢,11,Neutral,0.0
EbLGSsAZz70,@BridgitNabwela,"In this world is not ours....I came to realised that ,recentlyRaila was alive ğŸ˜³ ğŸ˜•by now we are mourningğŸ˜¢",11,Neutral,0.1
EbLGSsAZz70,@evansmungainjoroge6170,A General indeed.... Kenya will always appreciate your contribution ğŸ•Šï¸ğŸ•Šï¸ğŸ•Šï¸,0,Neutral,0.05000000000000002
EbLGSsAZz70,@MaureenMuyoka,"It hurts,,rip babağŸ˜­ğŸ˜­ğŸ˜­ğŸ˜­ğŸ˜­",24,Neutral,0.0
EbLGSsAZz70,@MercylineCholwa,Raha ya milele umpe eeeh bwana na mwanga wa milele umuangazie apate kupumzika kwa amani,16,Neutral,0.0
EbLGSsAZz70,@lydiahwanjiru1752,Worst pain you cannot wish to your worst enemy,6,Negative,-1.0
EbLGSsAZz70,@lorinablessings1051,"""In the U.S. now, and my heart aches â€” we will miss you, Baba. I voted for you twice before coming here, always hoping you'd one day be my president. Today, that dream is gone. Rest in eternal glory, Baba. ğŸ˜¢ğŸ˜¢ğŸ˜¢ğŸ˜¢ğŸ˜¢ğŸ˜¢ğŸ˜¢ğŸ˜¢",11,Neutral,0.0
EbLGSsAZz70,@Wabrii254,Viva Baba!!! RIP MBIGUNI WAKUPOKEE NA SHEREHE AJAB! âœŠï¸âœŠï¸âœŠï¸âœŠï¸ğŸ•ŠğŸ•ŠğŸ•ŠğŸ•Š,7,Neutral,0.0
EbLGSsAZz70,@isaackumba3042,Glory to   God for giving us the man raila odinga tinga agwambo amolo we will miss you so much my almaty give you peace till we meet again baba bye,2,Positive,0.2
EbLGSsAZz70,@CynthiaKiamba,We love u baba na tumeamini umetuaga. Shine on your way Rao,2,Positive,0.5
EbLGSsAZz70,@tr.evans713,Rip mzeeğŸ˜¢,9,Neutral,0.0
EbLGSsAZz70,@StanleyOtieno254,The late surely ğŸ’”ğŸ’”ğŸ’”ğŸ’”ğŸ˜­ğŸ˜­ğŸ˜­,4,Neutral,0.1
EbLGSsAZz70,@achingomolloachieng4028,Maverick aoko now should look for a job to do because raila was her big agenda and hes now no more ğŸ˜¢,9,Negative,-0.125
EbLGSsAZz70,@RehemaOrodo,Rest in peace baba ğŸ™ we will miss you ğŸ˜¢ğŸ˜¢ğŸ˜¢,4,Neutral,0.0
